,file_name,Lcapito,call_time,score,year,logger,time_stamp,date
/Volumes/Expansion/Frog Call Project/Calling Data/FLSHE/FLSHE_2017/FLSHE_2017_400/TEST_0+1_20170331_185600.wav,TEST_0+1_20170331_185600.wav,0.0,,39.32639765957652,2017,400,277.5,2017-03-31 18:56:00
/Volumes/Expansion/Frog Call Project/Calling Data/FLSHE/FLSHE_2017/FLSHE_2017_400/TEST_0+1_20170331_195600.wav,TEST_0+1_20170331_195600.wav,0.0,,36.46398750940679,2017,400,235.0,2017-03-31 19:56:00
/Volumes/Expansion/Frog Call Project/Calling Data/FLSHE/FLSHE_2017/FLSHE_2017_400/TEST_0+1_20170331_205600.wav,TEST_0+1_20170331_205600.wav,0.0,,57.452391626388426,2017,400,246.0,2017-03-31 20:56:00
/Volumes/Expansion/Frog Call Project/Calling Data/FLSHE/FLSHE_2017/FLSHE_2017_400/TEST_0+1_20170331_215600.wav,TEST_0+1_20170331_215600.wav,0.0,,37.09923895197407,2017,400,108.5,2017-03-31 21:56:00
/Volumes/Expansion/Frog Call Project/Calling Data/FLSHE/FLSHE_2017/FLSHE_2017_400/TEST_0+1_20170331_225600.wav,TEST_0+1_20170331_225600.wav,0.0,,36.94381814578796,2017,400,194.5,2017-03-31 22:56:00
/Volumes/Expansion/Frog Call Project/Calling Data/FLSHE/FLSHE_2017/FLSHE_2017_400/TEST_0+1_20170331_235600.wav,TEST_0+1_20170331_235600.wav,0.0,,48.32091828726208,2017,400,209.5,2017-03-31 23:56:00
/Volumes/Expansion/Frog Call Project/Calling Data/FLSHE/FLSHE_2017/FLSHE_2017_400/TEST_0+1_20170401_005600.wav,TEST_0+1_20170401_005600.wav,0.0,,42.11732720107268,2017,400,158.5,2017-04-01 00:56:00
/Volumes/Expansion/Frog Call Project/Calling Data/FLSHE/FLSHE_2017/FLSHE_2017_400/TEST_0+1_20170401_015600.wav,TEST_0+1_20170401_015600.wav,0.0,,40.61157975696369,2017,400,136.5,2017-04-01 01:56:00
/Volumes/Expansion/Frog Call Project/Calling Data/FLSHE/FLSHE_2017/FLSHE_2017_400/TEST_0+1_20170401_025600.wav,TEST_0+1_20170401_025600.wav,0.0,,47.51098196233753,2017,400,3.0,2017-04-01 02:56:00
/Volumes/Expansion/Frog Call Project/Calling Data/FLSHE/FLSHE_2017/FLSHE_2017_400/TEST_0+1_20170401_185700.wav,TEST_0+1_20170401_185700.wav,0.0,,30.798916347349447,2017,400,11.0,2017-04-01 18:57:00
/Volumes/Expansion/Frog Call Project/Calling Data/FLSHE/FLSHE_2017/FLSHE_2017_400/TEST_0+1_20170401_195700.wav,TEST_0+1_20170401_195700.wav,0.0,,33.664477409680096,2017,400,99.0,2017-04-01 19:57:00
/Volumes/Expansion/Frog Call Project/Calling Data/FLSHE/FLSHE_2017/FLSHE_2017_400/TEST_0+1_20170401_205700.wav,TEST_0+1_20170401_205700.wav,0.0,,42.88202272993124,2017,400,122.0,2017-04-01 20:57:00
/Volumes/Expansion/Frog Call Project/Calling Data/FLSHE/FLSHE_2017/FLSHE_2017_400/TEST_0+1_20170401_215700.wav,TEST_0+1_20170401_215700.wav,0.0,,30.646829848541888,2017,400,214.5,2017-04-01 21:57:00
/Volumes/Expansion/Frog Call Project/Calling Data/FLSHE/FLSHE_2017/FLSHE_2017_400/TEST_0+1_20170401_225700.wav,TEST_0+1_20170401_225700.wav,0.0,,33.140245044513186,2017,400,75.0,2017-04-01 22:57:00
/Volumes/Expansion/Frog Call Project/Calling Data/FLSHE/FLSHE_2017/FLSHE_2017_400/TEST_0+1_20170401_235700.wav,TEST_0+1_20170401_235700.wav,0.0,,38.08760733270672,2017,400,92.0,2017-04-01 23:57:00
/Volumes/Expansion/Frog Call Project/Calling Data/FLSHE/FLSHE_2017/FLSHE_2017_400/TEST_0+1_20170402_005700.wav,TEST_0+1_20170402_005700.wav,0.0,,48.69274333500535,2017,400,164.0,2017-04-02 00:57:00
/Volumes/Expansion/Frog Call Project/Calling Data/FLSHE/FLSHE_2017/FLSHE_2017_400/TEST_0+1_20170402_015700.wav,TEST_0+1_20170402_015700.wav,0.0,,45.04945846621909,2017,400,239.0,2017-04-02 01:57:00
/Volumes/Expansion/Frog Call Project/Calling Data/FLSHE/FLSHE_2017/FLSHE_2017_400/TEST_0+1_20170402_025700.wav,TEST_0+1_20170402_025700.wav,0.0,,58.41700083948256,2017,400,70.0,2017-04-02 02:57:00
/Volumes/Expansion/Frog Call Project/Calling Data/FLSHE/FLSHE_2017/FLSHE_2017_400/TEST_0+1_20170402_185800.wav,TEST_0+1_20170402_185800.wav,0.0,,56.47453462408381,2017,400,243.0,2017-04-02 18:58:00
/Volumes/Expansion/Frog Call Project/Calling Data/FLSHE/FLSHE_2017/FLSHE_2017_400/TEST_0+1_20170402_195800.wav,TEST_0+1_20170402_195800.wav,0.0,,40.46573109883151,2017,400,122.0,2017-04-02 19:58:00
/Volumes/Expansion/Frog Call Project/Calling Data/FLSHE/FLSHE_2017/FLSHE_2017_400/TEST_0+1_20170402_205800.wav,TEST_0+1_20170402_205800.wav,0.0,,39.438855794710285,2017,400,21.5,2017-04-02 20:58:00
/Volumes/Expansion/Frog Call Project/Calling Data/FLSHE/FLSHE_2017/FLSHE_2017_400/TEST_0+1_20170402_215800.wav,TEST_0+1_20170402_215800.wav,0.0,,33.092785091143874,2017,400,286.0,2017-04-02 21:58:00
/Volumes/Expansion/Frog Call Project/Calling Data/FLSHE/FLSHE_2017/FLSHE_2017_400/TEST_0+1_20170402_225800.wav,TEST_0+1_20170402_225800.wav,0.0,,45.1316071311485,2017,400,276.5,2017-04-02 22:58:00
/Volumes/Expansion/Frog Call Project/Calling Data/FLSHE/FLSHE_2017/FLSHE_2017_400/TEST_0+1_20170402_235800.wav,TEST_0+1_20170402_235800.wav,0.0,,30.063047706136263,2017,400,18.5,2017-04-02 23:58:00
/Volumes/Expansion/Frog Call Project/Calling Data/FLSHE/FLSHE_2017/FLSHE_2017_400/TEST_0+1_20170403_005800.wav,TEST_0+1_20170403_005800.wav,0.0,,30.66971879869366,2017,400,177.0,2017-04-03 00:58:00
/Volumes/Expansion/Frog Call Project/Calling Data/FLSHE/FLSHE_2017/FLSHE_2017_400/TEST_0+1_20170403_015800.wav,TEST_0+1_20170403_015800.wav,0.0,,31.75335007518166,2017,400,267.5,2017-04-03 01:58:00
/Volumes/Expansion/Frog Call Project/Calling Data/FLSHE/FLSHE_2017/FLSHE_2017_400/TEST_0+1_20170403_025800.wav,TEST_0+1_20170403_025800.wav,0.0,,34.09698555203918,2017,400,111.5,2017-04-03 02:58:00
/Volumes/Expansion/Frog Call Project/Calling Data/FLSHE/FLSHE_2017/FLSHE_2017_400/TEST_0+1_20170403_185900.wav,TEST_0+1_20170403_185900.wav,0.0,,30.89904925766,2017,400,120.5,2017-04-03 18:59:00
/Volumes/Expansion/Frog Call Project/Calling Data/FLSHE/FLSHE_2017/FLSHE_2017_400/TEST_0+1_20170403_195900.wav,TEST_0+1_20170403_195900.wav,0.0,,44.61808027118536,2017,400,281.5,2017-04-03 19:59:00
/Volumes/Expansion/Frog Call Project/Calling Data/FLSHE/FLSHE_2017/FLSHE_2017_400/TEST_0+1_20170403_205900.wav,TEST_0+1_20170403_205900.wav,0.0,,36.13079492742372,2017,400,55.0,2017-04-03 20:59:00
/Volumes/Expansion/Frog Call Project/Calling Data/FLSHE/FLSHE_2017/FLSHE_2017_400/TEST_0+1_20170403_215900.wav,TEST_0+1_20170403_215900.wav,0.0,,40.904138508454906,2017,400,22.5,2017-04-03 21:59:00
/Volumes/Expansion/Frog Call Project/Calling Data/FLSHE/FLSHE_2017/FLSHE_2017_400/TEST_0+1_20170403_225900.wav,TEST_0+1_20170403_225900.wav,0.0,,42.60358676019012,2017,400,156.5,2017-04-03 22:59:00
/Volumes/Expansion/Frog Call Project/Calling Data/FLSHE/FLSHE_2017/FLSHE_2017_400/TEST_0+1_20170403_235900.wav,TEST_0+1_20170403_235900.wav,0.0,,40.57680982951946,2017,400,162.5,2017-04-03 23:59:00
/Volumes/Expansion/Frog Call Project/Calling Data/FLSHE/FLSHE_2017/FLSHE_2017_400/TEST_0+1_20170404_005900.wav,TEST_0+1_20170404_005900.wav,0.0,,35.30520669680848,2017,400,270.5,2017-04-04 00:59:00
/Volumes/Expansion/Frog Call Project/Calling Data/FLSHE/FLSHE_2017/FLSHE_2017_400/TEST_0+1_20170404_015900.wav,TEST_0+1_20170404_015900.wav,0.0,,36.54432734384831,2017,400,1.5,2017-04-04 01:59:00
/Volumes/Expansion/Frog Call Project/Calling Data/FLSHE/FLSHE_2017/FLSHE_2017_400/TEST_0+1_20170404_025900.wav,TEST_0+1_20170404_025900.wav,0.0,,29.1197137033372,2017,400,3.5,2017-04-04 02:59:00
/Volumes/Expansion/Frog Call Project/Calling Data/FLSHE/FLSHE_2017/FLSHE_2017_400/TEST_0+1_20170404_185900.wav,TEST_0+1_20170404_185900.wav,0.0,,31.215993457142947,2017,400,124.0,2017-04-04 18:59:00
/Volumes/Expansion/Frog Call Project/Calling Data/FLSHE/FLSHE_2017/FLSHE_2017_400/TEST_0+1_20170404_195900.wav,TEST_0+1_20170404_195900.wav,0.0,,47.97757633909598,2017,400,72.0,2017-04-04 19:59:00
/Volumes/Expansion/Frog Call Project/Calling Data/FLSHE/FLSHE_2017/FLSHE_2017_400/TEST_0+1_20170404_205900.wav,TEST_0+1_20170404_205900.wav,0.0,,55.61000104402862,2017,400,4.0,2017-04-04 20:59:00
/Volumes/Expansion/Frog Call Project/Calling Data/FLSHE/FLSHE_2017/FLSHE_2017_400/TEST_0+1_20170404_215900.wav,TEST_0+1_20170404_215900.wav,0.0,,46.78396099238149,2017,400,81.0,2017-04-04 21:59:00
/Volumes/Expansion/Frog Call Project/Calling Data/FLSHE/FLSHE_2017/FLSHE_2017_400/TEST_0+1_20170404_225900.wav,TEST_0+1_20170404_225900.wav,0.0,,51.109270502543566,2017,400,115.0,2017-04-04 22:59:00
/Volumes/Expansion/Frog Call Project/Calling Data/FLSHE/FLSHE_2017/FLSHE_2017_400/TEST_0+1_20170404_235900.wav,TEST_0+1_20170404_235900.wav,0.0,,36.88515038237476,2017,400,249.0,2017-04-04 23:59:00
/Volumes/Expansion/Frog Call Project/Calling Data/FLSHE/FLSHE_2017/FLSHE_2017_400/TEST_0+1_20170405_005900.wav,TEST_0+1_20170405_005900.wav,0.0,,35.50946930271023,2017,400,146.0,2017-04-05 00:59:00
/Volumes/Expansion/Frog Call Project/Calling Data/FLSHE/FLSHE_2017/FLSHE_2017_400/TEST_0+1_20170405_015900.wav,TEST_0+1_20170405_015900.wav,0.0,,40.86078436355241,2017,400,287.0,2017-04-05 01:59:00
/Volumes/Expansion/Frog Call Project/Calling Data/FLSHE/FLSHE_2017/FLSHE_2017_400/TEST_0+1_20170405_025900.wav,TEST_0+1_20170405_025900.wav,0.0,,38.12789631059871,2017,400,28.5,2017-04-05 02:59:00
/Volumes/Expansion/Frog Call Project/Calling Data/FLSHE/FLSHE_2017/FLSHE_2017_400/TEST_0+1_20170405_190000.wav,TEST_0+1_20170405_190000.wav,0.0,,33.05249281494872,2017,400,264.5,2017-04-05 19:00:00
/Volumes/Expansion/Frog Call Project/Calling Data/FLSHE/FLSHE_2017/FLSHE_2017_400/TEST_0+1_20170405_200000.wav,TEST_0+1_20170405_200000.wav,0.0,,34.403333505782314,2017,400,131.5,2017-04-05 20:00:00
/Volumes/Expansion/Frog Call Project/Calling Data/FLSHE/FLSHE_2017/FLSHE_2017_400/TEST_0+1_20170405_210000.wav,TEST_0+1_20170405_210000.wav,0.0,,39.17718108455072,2017,400,243.0,2017-04-05 21:00:00
/Volumes/Expansion/Frog Call Project/Calling Data/FLSHE/FLSHE_2017/FLSHE_2017_400/TEST_0+1_20170405_220000.wav,TEST_0+1_20170405_220000.wav,0.0,,37.38620894280134,2017,400,176.0,2017-04-05 22:00:00
/Volumes/Expansion/Frog Call Project/Calling Data/FLSHE/FLSHE_2017/FLSHE_2017_400/TEST_0+1_20170405_230000.wav,TEST_0+1_20170405_230000.wav,0.0,,66.731226293749,2017,400,9.5,2017-04-05 23:00:00
/Volumes/Expansion/Frog Call Project/Calling Data/FLSHE/FLSHE_2017/FLSHE_2017_400/TEST_0+1_20170406_000000.wav,TEST_0+1_20170406_000000.wav,0.0,,35.02406315956654,2017,400,216.0,2017-04-06 00:00:00
/Volumes/Expansion/Frog Call Project/Calling Data/FLSHE/FLSHE_2017/FLSHE_2017_400/TEST_0+1_20170406_010000.wav,TEST_0+1_20170406_010000.wav,0.0,,39.65153937739481,2017,400,210.5,2017-04-06 01:00:00
/Volumes/Expansion/Frog Call Project/Calling Data/FLSHE/FLSHE_2017/FLSHE_2017_400/TEST_0+1_20170406_020000.wav,TEST_0+1_20170406_020000.wav,0.0,,40.179607914312975,2017,400,51.5,2017-04-06 02:00:00
/Volumes/Expansion/Frog Call Project/Calling Data/FLSHE/FLSHE_2017/FLSHE_2017_400/TEST_0+1_20170406_190100.wav,TEST_0+1_20170406_190100.wav,0.0,,34.156668131362615,2017,400,194.5,2017-04-06 19:01:00
/Volumes/Expansion/Frog Call Project/Calling Data/FLSHE/FLSHE_2017/FLSHE_2017_400/TEST_0+1_20170406_200100.wav,TEST_0+1_20170406_200100.wav,0.0,,45.16488104928109,2017,400,288.0,2017-04-06 20:01:00
/Volumes/Expansion/Frog Call Project/Calling Data/FLSHE/FLSHE_2017/FLSHE_2017_400/TEST_0+1_20170406_210100.wav,TEST_0+1_20170406_210100.wav,0.0,,37.32853597763259,2017,400,293.0,2017-04-06 21:01:00
/Volumes/Expansion/Frog Call Project/Calling Data/FLSHE/FLSHE_2017/FLSHE_2017_400/TEST_0+1_20170406_220100.wav,TEST_0+1_20170406_220100.wav,0.0,,34.642408848307106,2017,400,27.5,2017-04-06 22:01:00
/Volumes/Expansion/Frog Call Project/Calling Data/FLSHE/FLSHE_2018/FLSHE_2018_400/TEST_0+1_20180310_184100.wav,TEST_0+1_20180310_184100.wav,0.0,,33.004583750643484,2018,400,88.0,2018-03-10 18:41:00
/Volumes/Expansion/Frog Call Project/Calling Data/FLSHE/FLSHE_2018/FLSHE_2018_400/TEST_0+1_20180310_194100.wav,TEST_0+1_20180310_194100.wav,0.0,,28.53903875739547,2018,400,66.5,2018-03-10 19:41:00
/Volumes/Expansion/Frog Call Project/Calling Data/FLSHE/FLSHE_2018/FLSHE_2018_400/TEST_0+1_20180310_204100.wav,TEST_0+1_20180310_204100.wav,0.0,,42.62596552257279,2018,400,236.0,2018-03-10 20:41:00
/Volumes/Expansion/Frog Call Project/Calling Data/FLSHE/FLSHE_2018/FLSHE_2018_400/TEST_0+1_20180310_214100.wav,TEST_0+1_20180310_214100.wav,0.0,,40.24463496756871,2018,400,102.0,2018-03-10 21:41:00
/Volumes/Expansion/Frog Call Project/Calling Data/FLSHE/FLSHE_2018/FLSHE_2018_400/TEST_0+1_20180310_224100.wav,TEST_0+1_20180310_224100.wav,0.0,,42.23750981582632,2018,400,127.5,2018-03-10 22:41:00
/Volumes/Expansion/Frog Call Project/Calling Data/FLSHE/FLSHE_2018/FLSHE_2018_400/TEST_0+1_20180310_234100.wav,TEST_0+1_20180310_234100.wav,0.0,,57.77794703930633,2018,400,29.5,2018-03-10 23:41:00
/Volumes/Expansion/Frog Call Project/Calling Data/FLSHE/FLSHE_2018/FLSHE_2018_400/TEST_0+1_20180311_004100.wav,TEST_0+1_20180311_004100.wav,0.0,,34.7516642747255,2018,400,3.5,2018-03-11 00:41:00
/Volumes/Expansion/Frog Call Project/Calling Data/FLSHE/FLSHE_2018/FLSHE_2018_400/TEST_0+1_20180311_014100.wav,TEST_0+1_20180311_014100.wav,0.0,,42.68824517521712,2018,400,225.0,2018-03-11 01:41:00
/Volumes/Expansion/Frog Call Project/Calling Data/FLSHE/FLSHE_2018/FLSHE_2018_400/TEST_0+1_20180311_024100.wav,TEST_0+1_20180311_024100.wav,0.0,,35.13967334850681,2018,400,101.5,2018-03-11 02:41:00
/Volumes/Expansion/Frog Call Project/Calling Data/FLSHE/FLSHE_2018/FLSHE_2018_400/TEST_0+1_20180311_184200.wav,TEST_0+1_20180311_184200.wav,0.0,,41.60707502089014,2018,400,41.5,2018-03-11 18:42:00
/Volumes/Expansion/Frog Call Project/Calling Data/FLSHE/FLSHE_2018/FLSHE_2018_400/TEST_0+1_20180311_194200.wav,TEST_0+1_20180311_194200.wav,0.0,,39.48141343532161,2018,400,43.5,2018-03-11 19:42:00
/Volumes/Expansion/Frog Call Project/Calling Data/FLSHE/FLSHE_2018/FLSHE_2018_400/TEST_0+1_20180311_204200.wav,TEST_0+1_20180311_204200.wav,0.0,,33.84124360524362,2018,400,196.5,2018-03-11 20:42:00
/Volumes/Expansion/Frog Call Project/Calling Data/FLSHE/FLSHE_2018/FLSHE_2018_400/TEST_0+1_20180311_214200.wav,TEST_0+1_20180311_214200.wav,0.0,,40.627579965636414,2018,400,264.5,2018-03-11 21:42:00
/Volumes/Expansion/Frog Call Project/Calling Data/FLSHE/FLSHE_2018/FLSHE_2018_400/TEST_0+1_20180311_224200.wav,TEST_0+1_20180311_224200.wav,0.0,,34.849752913305146,2018,400,110.0,2018-03-11 22:42:00
/Volumes/Expansion/Frog Call Project/Calling Data/FLSHE/FLSHE_2018/FLSHE_2018_400/TEST_0+1_20180311_234200.wav,TEST_0+1_20180311_234200.wav,0.0,,44.31026394231055,2018,400,1.0,2018-03-11 23:42:00
/Volumes/Expansion/Frog Call Project/Calling Data/FLSHE/FLSHE_2018/FLSHE_2018_400/TEST_0+1_20180312_004200.wav,TEST_0+1_20180312_004200.wav,0.0,,32.14381511207518,2018,400,16.0,2018-03-12 00:42:00
/Volumes/Expansion/Frog Call Project/Calling Data/FLSHE/FLSHE_2018/FLSHE_2018_400/TEST_0+1_20180312_014200.wav,TEST_0+1_20180312_014200.wav,0.0,,39.12041908684486,2018,400,240.0,2018-03-12 01:42:00
/Volumes/Expansion/Frog Call Project/Calling Data/FLSHE/FLSHE_2018/FLSHE_2018_400/TEST_0+1_20180312_024200.wav,TEST_0+1_20180312_024200.wav,0.0,,64.21158218288973,2018,400,98.0,2018-03-12 02:42:00
/Volumes/Expansion/Frog Call Project/Calling Data/FLSHE/FLSHE_2018/FLSHE_2018_400/TEST_0+1_20180312_184300.wav,TEST_0+1_20180312_184300.wav,0.0,,35.88054636992099,2018,400,220.5,2018-03-12 18:43:00
/Volumes/Expansion/Frog Call Project/Calling Data/FLSHE/FLSHE_2018/FLSHE_2018_400/TEST_0+1_20180312_194300.wav,TEST_0+1_20180312_194300.wav,0.0,,37.15377593810114,2018,400,133.5,2018-03-12 19:43:00
/Volumes/Expansion/Frog Call Project/Calling Data/FLSHE/FLSHE_2018/FLSHE_2018_400/TEST_0+1_20180312_204300.wav,TEST_0+1_20180312_204300.wav,0.0,,34.545248035610825,2018,400,65.0,2018-03-12 20:43:00
/Volumes/Expansion/Frog Call Project/Calling Data/FLSHE/FLSHE_2018/FLSHE_2018_400/TEST_0+1_20180312_214300.wav,TEST_0+1_20180312_214300.wav,0.0,,113.78487060964363,2018,400,1.5,2018-03-12 21:43:00
/Volumes/Expansion/Frog Call Project/Calling Data/FLSHE/FLSHE_2018/FLSHE_2018_400/TEST_0+1_20180312_224300.wav,TEST_0+1_20180312_224300.wav,0.0,,46.11843033208688,2018,400,4.5,2018-03-12 22:43:00
/Volumes/Expansion/Frog Call Project/Calling Data/FLSHE/FLSHE_2018/FLSHE_2018_400/TEST_0+1_20180312_234300.wav,TEST_0+1_20180312_234300.wav,0.0,,38.07600005667136,2018,400,188.5,2018-03-12 23:43:00
/Volumes/Expansion/Frog Call Project/Calling Data/FLSHE/FLSHE_2018/FLSHE_2018_400/TEST_0+1_20180313_004300.wav,TEST_0+1_20180313_004300.wav,0.0,,38.9026586219412,2018,400,281.5,2018-03-13 00:43:00
/Volumes/Expansion/Frog Call Project/Calling Data/FLSHE/FLSHE_2018/FLSHE_2018_400/TEST_0+1_20180313_014300.wav,TEST_0+1_20180313_014300.wav,0.0,,35.85361643092568,2018,400,15.5,2018-03-13 01:43:00
/Volumes/Expansion/Frog Call Project/Calling Data/FLSHE/FLSHE_2018/FLSHE_2018_400/TEST_0+1_20180313_024300.wav,TEST_0+1_20180313_024300.wav,0.0,,32.99465637725804,2018,400,220.5,2018-03-13 02:43:00
/Volumes/Expansion/Frog Call Project/Calling Data/FLSHE/FLSHE_2018/FLSHE_2018_400/TEST_0+1_20180313_184300.wav,TEST_0+1_20180313_184300.wav,0.0,,40.31647598021068,2018,400,103.5,2018-03-13 18:43:00
/Volumes/Expansion/Frog Call Project/Calling Data/FLSHE/FLSHE_2018/FLSHE_2018_400/TEST_0+1_20180313_194300.wav,TEST_0+1_20180313_194300.wav,0.0,,46.43363980160386,2018,400,290.0,2018-03-13 19:43:00
/Volumes/Expansion/Frog Call Project/Calling Data/FLSHE/FLSHE_2018/FLSHE_2018_400/TEST_0+1_20180313_204300.wav,TEST_0+1_20180313_204300.wav,0.0,,35.88666243312433,2018,400,151.0,2018-03-13 20:43:00
/Volumes/Expansion/Frog Call Project/Calling Data/FLSHE/FLSHE_2018/FLSHE_2018_400/TEST_0+1_20180313_214300.wav,TEST_0+1_20180313_214300.wav,0.0,,40.747232431872376,2018,400,79.5,2018-03-13 21:43:00
/Volumes/Expansion/Frog Call Project/Calling Data/FLSHE/FLSHE_2018/FLSHE_2018_400/TEST_0+1_20180313_224300.wav,TEST_0+1_20180313_224300.wav,0.0,,37.55849638523247,2018,400,151.5,2018-03-13 22:43:00
/Volumes/Expansion/Frog Call Project/Calling Data/FLSHE/FLSHE_2018/FLSHE_2018_400/TEST_0+1_20180313_234300.wav,TEST_0+1_20180313_234300.wav,0.0,,32.429498360978975,2018,400,149.0,2018-03-13 23:43:00
/Volumes/Expansion/Frog Call Project/Calling Data/FLSHE/FLSHE_2018/FLSHE_2018_400/TEST_0+1_20180314_004300.wav,TEST_0+1_20180314_004300.wav,0.0,,40.244432624700536,2018,400,95.5,2018-03-14 00:43:00
/Volumes/Expansion/Frog Call Project/Calling Data/FLSHE/FLSHE_2018/FLSHE_2018_400/TEST_0+1_20180314_014300.wav,TEST_0+1_20180314_014300.wav,0.0,,37.64457503184999,2018,400,283.0,2018-03-14 01:43:00
/Volumes/Expansion/Frog Call Project/Calling Data/FLSHE/FLSHE_2018/FLSHE_2018_400/TEST_0+1_20180314_024300.wav,TEST_0+1_20180314_024300.wav,0.0,,31.62545638873065,2018,400,182.0,2018-03-14 02:43:00
/Volumes/Expansion/Frog Call Project/Calling Data/FLSHE/FLSHE_2018/FLSHE_2018_400/TEST_0+1_20180314_184400.wav,TEST_0+1_20180314_184400.wav,0.0,,41.42924496172212,2018,400,23.5,2018-03-14 18:44:00
/Volumes/Expansion/Frog Call Project/Calling Data/FLSHE/FLSHE_2019/FLSHE_2019_400/TEST_0+1_20190306_003700.wav,TEST_0+1_20190306_003700.wav,0.0,,49.22519499165612,2019,400,95.5,2019-03-06 00:37:00
/Volumes/Expansion/Frog Call Project/Calling Data/FLSHE/FLSHE_2019/FLSHE_2019_400/TEST_0+1_20190306_013700.wav,TEST_0+1_20190306_013700.wav,0.0,,34.57454304099807,2019,400,264.5,2019-03-06 01:37:00
/Volumes/Expansion/Frog Call Project/Calling Data/FLSHE/FLSHE_2019/FLSHE_2019_400/TEST_0+1_20190306_023700.wav,TEST_0+1_20190306_023700.wav,0.0,,28.9364613067548,2019,400,136.5,2019-03-06 02:37:00
/Volumes/Expansion/Frog Call Project/Calling Data/FLSHE/FLSHE_2019/FLSHE_2019_400/TEST_0+1_20190306_183800.wav,TEST_0+1_20190306_183800.wav,0.0,,66.29217593324843,2019,400,277.0,2019-03-06 18:38:00
/Volumes/Expansion/Frog Call Project/Calling Data/FLSHE/FLSHE_2019/FLSHE_2019_400/TEST_0+1_20190306_193800.wav,TEST_0+1_20190306_193800.wav,1.0,0:01,317.7265119089038,2019,400,90.0,2019-03-06 19:38:00
/Volumes/Expansion/Frog Call Project/Calling Data/FLSHE/FLSHE_2019/FLSHE_2019_400/TEST_0+1_20190306_203800.wav,TEST_0+1_20190306_203800.wav,1.0,0:11,114.30397633844257,2019,400,83.0,2019-03-06 20:38:00
/Volumes/Expansion/Frog Call Project/Calling Data/FLSHE/FLSHE_2019/FLSHE_2019_400/TEST_0+1_20190306_213800.wav,TEST_0+1_20190306_213800.wav,1.0,0:05,36.57132793260629,2019,400,270.0,2019-03-06 21:38:00
/Volumes/Expansion/Frog Call Project/Calling Data/FLSHE/FLSHE_2019/FLSHE_2019_400/TEST_0+1_20190306_223800.wav,TEST_0+1_20190306_223800.wav,0.0,,33.41142852560338,2019,400,138.5,2019-03-06 22:38:00
/Volumes/Expansion/Frog Call Project/Calling Data/FLSHE/FLSHE_2019/FLSHE_2019_400/TEST_0+1_20190306_233800.wav,TEST_0+1_20190306_233800.wav,0.0,,40.39261253991118,2019,400,273.0,2019-03-06 23:38:00
/Volumes/Expansion/Frog Call Project/Calling Data/FLSHE/FLSHE_2019/FLSHE_2019_400/TEST_0+1_20190307_003800.wav,TEST_0+1_20190307_003800.wav,0.0,,35.95920189778642,2019,400,265.5,2019-03-07 00:38:00
/Volumes/Expansion/Frog Call Project/Calling Data/FLSHE/FLSHE_2019/FLSHE_2019_400/TEST_0+1_20190307_013800.wav,TEST_0+1_20190307_013800.wav,0.0,,30.528650425442507,2019,400,211.5,2019-03-07 01:38:00
/Volumes/Expansion/Frog Call Project/Calling Data/FLSHE/FLSHE_2019/FLSHE_2019_400/TEST_0+1_20190307_023800.wav,TEST_0+1_20190307_023800.wav,0.0,,30.99906216469548,2019,400,38.5,2019-03-07 02:38:00
/Volumes/Expansion/Frog Call Project/Calling Data/FLSHE/FLSHE_2019/FLSHE_2019_400/TEST_0+1_20190307_183900.wav,TEST_0+1_20190307_183900.wav,0.0,,34.11617155142531,2019,400,273.5,2019-03-07 18:39:00
/Volumes/Expansion/Frog Call Project/Calling Data/FLSHE/FLSHE_2019/FLSHE_2019_400/TEST_0+1_20190307_193900.wav,TEST_0+1_20190307_193900.wav,1.0,0:38,145.55809141992876,2019,400,134.0,2019-03-07 19:39:00
/Volumes/Expansion/Frog Call Project/Calling Data/FLSHE/FLSHE_2019/FLSHE_2019_400/TEST_0+1_20190307_203900.wav,TEST_0+1_20190307_203900.wav,1.0,0:01,213.1752700382956,2019,400,104.0,2019-03-07 20:39:00
/Volumes/Expansion/Frog Call Project/Calling Data/FLSHE/FLSHE_2019/FLSHE_2019_400/TEST_0+1_20190307_213900.wav,TEST_0+1_20190307_213900.wav,1.0,0:11,218.8496255004489,2019,400,252.0,2019-03-07 21:39:00
/Volumes/Expansion/Frog Call Project/Calling Data/FLSHE/FLSHE_2019/FLSHE_2019_400/TEST_0+1_20190307_223900.wav,TEST_0+1_20190307_223900.wav,1.0,0:06,279.39336009366326,2019,400,82.0,2019-03-07 22:39:00
/Volumes/Expansion/Frog Call Project/Calling Data/FLSHE/FLSHE_2019/FLSHE_2019_400/TEST_0+1_20190307_233900.wav,TEST_0+1_20190307_233900.wav,1.0,0:11,276.65308530574555,2019,400,208.5,2019-03-07 23:39:00
/Volumes/Expansion/Frog Call Project/Calling Data/FLSHE/FLSHE_2019/FLSHE_2019_400/TEST_0+1_20190308_003900.wav,TEST_0+1_20190308_003900.wav,1.0,0:03,241.27389110994343,2019,400,116.5,2019-03-08 00:39:00
/Volumes/Expansion/Frog Call Project/Calling Data/FLSHE/FLSHE_2019/FLSHE_2019_400/TEST_0+1_20190308_013900.wav,TEST_0+1_20190308_013900.wav,1.0,0:12,199.1032229995204,2019,400,76.5,2019-03-08 01:39:00
/Volumes/Expansion/Frog Call Project/Calling Data/FLSHE/FLSHE_2019/FLSHE_2019_400/TEST_0+1_20190308_023900.wav,TEST_0+1_20190308_023900.wav,0.0,,43.19611002500693,2019,400,170.5,2019-03-08 02:39:00
/Volumes/Expansion/Frog Call Project/Calling Data/FLSHE/FLSHE_2019/FLSHE_2019_400/TEST_0+1_20190308_184000.wav,TEST_0+1_20190308_184000.wav,0.0,,60.55335989828352,2019,400,131.0,2019-03-08 18:40:00
/Volumes/Expansion/Frog Call Project/Calling Data/FLSHE/FLSHE_2019/FLSHE_2019_400/TEST_0+1_20190308_194000.wav,TEST_0+1_20190308_194000.wav,1.0,0:01,243.8548484642489,2019,400,211.0,2019-03-08 19:40:00
/Volumes/Expansion/Frog Call Project/Calling Data/FLSHE/FLSHE_2019/FLSHE_2019_400/TEST_0+1_20190308_204000.wav,TEST_0+1_20190308_204000.wav,1.0,1:11,86.00333116998448,2019,400,183.0,2019-03-08 20:40:00
/Volumes/Expansion/Frog Call Project/Calling Data/FLSHE/FLSHE_2019/FLSHE_2019_400/TEST_0+1_20190308_214000.wav,TEST_0+1_20190308_214000.wav,1.0,3:18,60.34199049641197,2019,400,198.0,2019-03-08 21:40:00
/Volumes/Expansion/Frog Call Project/Calling Data/FLSHE/FLSHE_2019/FLSHE_2019_400/TEST_0+1_20190308_224000.wav,TEST_0+1_20190308_224000.wav,1.0,4:30,39.723889298530025,2019,400,256.5,2019-03-08 22:40:00
/Volumes/Expansion/Frog Call Project/Calling Data/FLSHE/FLSHE_2019/FLSHE_2019_400/TEST_0+1_20190308_234000.wav,TEST_0+1_20190308_234000.wav,0.0,,44.50871196199304,2019,400,168.0,2019-03-08 23:40:00
/Volumes/Expansion/Frog Call Project/Calling Data/FLSHE/FLSHE_2019/FLSHE_2019_400/TEST_0+1_20190309_004000.wav,TEST_0+1_20190309_004000.wav,0.0,,57.55833978192082,2019,400,101.0,2019-03-09 00:40:00
/Volumes/Expansion/Frog Call Project/Calling Data/FLSHE/FLSHE_2019/FLSHE_2019_400/TEST_0+1_20190309_014000.wav,TEST_0+1_20190309_014000.wav,0.0,,34.75106590559032,2019,400,237.0,2019-03-09 01:40:00
/Volumes/Expansion/Frog Call Project/Calling Data/FLSHE/FLSHE_2019/FLSHE_2019_400/TEST_0+1_20190309_024000.wav,TEST_0+1_20190309_024000.wav,1.0,0:53,80.02343154788751,2019,400,78.5,2019-03-09 02:40:00
/Volumes/Expansion/Frog Call Project/Calling Data/FLSHE/FLSHE_2019/FLSHE_2019_400/TEST_0+1_20190309_184000.wav,TEST_0+1_20190309_184000.wav,0.0,,41.320158653630365,2019,400,42.5,2019-03-09 18:40:00
/Volumes/Expansion/Frog Call Project/Calling Data/FLSHE/FLSHE_2019/FLSHE_2019_400/TEST_0+1_20190309_194000.wav,TEST_0+1_20190309_194000.wav,1.0,4:04,61.35421854705414,2019,400,265.0,2019-03-09 19:40:00
/Volumes/Expansion/Frog Call Project/Calling Data/FLSHE/FLSHE_2019/FLSHE_2019_400/TEST_0+1_20190309_204000.wav,TEST_0+1_20190309_204000.wav,1.0,0:39,85.66144954197132,2019,400,117.5,2019-03-09 20:40:00
/Volumes/Expansion/Frog Call Project/Calling Data/FLSHE/FLSHE_2019/FLSHE_2019_400/TEST_0+1_20190309_214000.wav,TEST_0+1_20190309_214000.wav,1.0,0:18,154.90827614519498,2019,400,183.5,2019-03-09 21:40:00
/Volumes/Expansion/Frog Call Project/Calling Data/FLSHE/FLSHE_2019/FLSHE_2019_400/TEST_0+1_20190309_224000.wav,TEST_0+1_20190309_224000.wav,0.0,,35.320299835751854,2019,400,241.5,2019-03-09 22:40:00
/Volumes/Expansion/Frog Call Project/Calling Data/FLSHE/FLSHE_2019/FLSHE_2019_400/TEST_0+1_20190309_234000.wav,TEST_0+1_20190309_234000.wav,0.0,,38.37422802519233,2019,400,49.0,2019-03-09 23:40:00
/Volumes/Expansion/Frog Call Project/Calling Data/FLSHE/FLSHE_2019/FLSHE_2019_400/TEST_0+1_20190310_004000.wav,TEST_0+1_20190310_004000.wav,1.0,0:13,76.85966730148941,2019,400,43.0,2019-03-10 00:40:00
/Volumes/Expansion/Frog Call Project/Calling Data/FLSHE/FLSHE_2019/FLSHE_2019_400/TEST_0+1_20190310_014000.wav,TEST_0+1_20190310_014000.wav,1.0,1:15,116.30226823061744,2019,400,246.5,2019-03-10 01:40:00
/Volumes/Expansion/Frog Call Project/Calling Data/FLSHE/FLSHE_2019/FLSHE_2019_400/TEST_0+1_20190310_024000.wav,TEST_0+1_20190310_024000.wav,0.0,,34.181665873798444,2019,400,190.0,2019-03-10 02:40:00
/Volumes/Expansion/Frog Call Project/Calling Data/FLSHE/FLSHE_2019/FLSHE_2019_400/TEST_0+1_20190310_184100.wav,TEST_0+1_20190310_184100.wav,1.0,0:19,46.90688305421988,2019,400,269.5,2019-03-10 18:41:00
/Volumes/Expansion/Frog Call Project/Calling Data/FLSHE/FLSHE_2019/FLSHE_2019_400/TEST_0+1_20190310_194100.wav,TEST_0+1_20190310_194100.wav,1.0,0:23,67.39064503304229,2019,400,22.5,2019-03-10 19:41:00
/Volumes/Expansion/Frog Call Project/Calling Data/FLSHE/FLSHE_2019/FLSHE_2019_400/TEST_0+1_20190310_204100.wav,TEST_0+1_20190310_204100.wav,1.0,0:03,223.4122767556713,2019,400,11.0,2019-03-10 20:41:00
/Volumes/Expansion/Frog Call Project/Calling Data/FLSHE/FLSHE_2019/FLSHE_2019_400/TEST_0+1_20190310_214100.wav,TEST_0+1_20190310_214100.wav,1.0,0:55,141.41922992294852,2019,400,244.5,2019-03-10 21:41:00
/Volumes/Expansion/Frog Call Project/Calling Data/FLSHE/FLSHE_2019/FLSHE_2019_400/TEST_0+1_20190310_224100.wav,TEST_0+1_20190310_224100.wav,1.0,0:22,367.6066243415435,2019,400,263.5,2019-03-10 22:41:00
/Volumes/Expansion/Frog Call Project/Calling Data/FLSHE/FLSHE_2019/FLSHE_2019_400/TEST_0+1_20190310_234100.wav,TEST_0+1_20190310_234100.wav,1.0,0:07,225.67849078580568,2019,400,34.5,2019-03-10 23:41:00
/Volumes/Expansion/Frog Call Project/Calling Data/FLSHE/FLSHE_2019/FLSHE_2019_400/TEST_0+1_20190311_004100.wav,TEST_0+1_20190311_004100.wav,1.0,0.09,200.40526199253884,2019,400,10.5,2019-03-11 00:41:00
/Volumes/Expansion/Frog Call Project/Calling Data/FLSHE/FLSHE_2019/FLSHE_2019_400/TEST_0+1_20190311_014100.wav,TEST_0+1_20190311_014100.wav,1.0,0:07,293.8804348884833,2019,400,123.0,2019-03-11 01:41:00
/Volumes/Expansion/Frog Call Project/Calling Data/FLSHE/FLSHE_2019/FLSHE_2019_400/TEST_0+1_20190311_024100.wav,TEST_0+1_20190311_024100.wav,1.0,0:07,263.6420975739394,2019,400,178.0,2019-03-11 02:41:00
/Volumes/Expansion/Frog Call Project/Calling Data/FLSHE/FLSHE_2019/FLSHE_2019_400/TEST_0+1_20190311_184200.wav,TEST_0+1_20190311_184200.wav,0.0,,32.77770665771292,2019,400,283.0,2019-03-11 18:42:00
/Volumes/Expansion/Frog Call Project/Calling Data/FLSHE/FLSHE_2019/FLSHE_2019_400/TEST_0+1_20190311_194200.wav,TEST_0+1_20190311_194200.wav,1.0,0:01,339.58337856260056,2019,400,50.0,2019-03-11 19:42:00
/Volumes/Expansion/Frog Call Project/Calling Data/FLSHE/FLSHE_2019/FLSHE_2019_400/TEST_0+1_20190311_204200.wav,TEST_0+1_20190311_204200.wav,1.0,0:01,328.9100286947123,2019,400,15.0,2019-03-11 20:42:00
/Volumes/Expansion/Frog Call Project/Calling Data/FLSHE/FLSHE_2019/FLSHE_2019_400/TEST_0+1_20190311_214200.wav,TEST_0+1_20190311_214200.wav,1.0,1:01,180.1617398835461,2019,400,293.0,2019-03-11 21:42:00
/Volumes/Expansion/Frog Call Project/Calling Data/FLSHE/FLSHE_2019/FLSHE_2019_400/TEST_0+1_20190311_224200.wav,TEST_0+1_20190311_224200.wav,1.0,0:01,72.05434181150672,2019,400,167.0,2019-03-11 22:42:00
/Volumes/Expansion/Frog Call Project/Calling Data/FLSHE/FLSHE_2019/FLSHE_2019_400/TEST_0+1_20190311_234200.wav,TEST_0+1_20190311_234200.wav,1.0,0:17,303.35837366565687,2019,400,216.0,2019-03-11 23:42:00
/Volumes/Expansion/Frog Call Project/Calling Data/FLSHE/FLSHE_2019/FLSHE_2019_400/TEST_0+1_20190312_004200.wav,TEST_0+1_20190312_004200.wav,1.0,0:07,297.86896832605584,2019,400,286.0,2019-03-12 00:42:00
/Volumes/Expansion/Frog Call Project/Calling Data/FLSHE/FLSHE_2020/FLSHE_2020_400/TEST_0+1_20200301_003400.wav,TEST_0+1_20200301_003400.wav,0.0,,32.2953456090572,2020,400,133.5,2020-03-01 00:34:00
/Volumes/Expansion/Frog Call Project/Calling Data/FLSHE/FLSHE_2020/FLSHE_2020_400/TEST_0+1_20200301_013400.wav,TEST_0+1_20200301_013400.wav,0.0,,39.47884641246431,2020,400,283.5,2020-03-01 01:34:00
/Volumes/Expansion/Frog Call Project/Calling Data/FLSHE/FLSHE_2020/FLSHE_2020_400/TEST_0+1_20200301_023400.wav,TEST_0+1_20200301_023400.wav,0.0,,37.12516201184063,2020,400,181.0,2020-03-01 02:34:00
/Volumes/Expansion/Frog Call Project/Calling Data/FLSHE/FLSHE_2020/FLSHE_2020_400/TEST_0+1_20200301_183500.wav,TEST_0+1_20200301_183500.wav,0.0,3:49,44.7287342438118,2020,400,134.0,2020-03-01 18:35:00
/Volumes/Expansion/Frog Call Project/Calling Data/FLSHE/FLSHE_2020/FLSHE_2020_400/TEST_0+1_20200301_203500.wav,TEST_0+1_20200301_203500.wav,0.0,,39.91916798310082,2020,400,180.0,2020-03-01 20:35:00
/Volumes/Expansion/Frog Call Project/Calling Data/FLSHE/FLSHE_2020/FLSHE_2020_400/TEST_0+1_20200301_213500.wav,TEST_0+1_20200301_213500.wav,0.0,,39.40810808095975,2020,400,55.5,2020-03-01 21:35:00
/Volumes/Expansion/Frog Call Project/Calling Data/FLSHE/FLSHE_2020/FLSHE_2020_400/TEST_0+1_20200301_223500.wav,TEST_0+1_20200301_223500.wav,0.0,,39.25515297998125,2020,400,55.5,2020-03-01 22:35:00
/Volumes/Expansion/Frog Call Project/Calling Data/FLSHE/FLSHE_2020/FLSHE_2020_400/TEST_0+1_20200301_233500.wav,TEST_0+1_20200301_233500.wav,0.0,,38.47526747960796,2020,400,92.5,2020-03-01 23:35:00
/Volumes/Expansion/Frog Call Project/Calling Data/FLSHE/FLSHE_2020/FLSHE_2020_400/TEST_0+1_20200302_003500.wav,TEST_0+1_20200302_003500.wav,0.0,,31.51399963084396,2020,400,94.0,2020-03-02 00:35:00
/Volumes/Expansion/Frog Call Project/Calling Data/FLSHE/FLSHE_2020/FLSHE_2020_400/TEST_0+1_20200302_013500.wav,TEST_0+1_20200302_013500.wav,0.0,,37.872992373007584,2020,400,87.0,2020-03-02 01:35:00
/Volumes/Expansion/Frog Call Project/Calling Data/FLSHE/FLSHE_2020/FLSHE_2020_400/TEST_0+1_20200302_023500.wav,TEST_0+1_20200302_023500.wav,0.0,,34.35359042472776,2020,400,17.5,2020-03-02 02:35:00
/Volumes/Expansion/Frog Call Project/Calling Data/FLSHE/FLSHE_2020/FLSHE_2020_400/TEST_0+1_20200302_183600.wav,TEST_0+1_20200302_183600.wav,0.0,,52.061402283627054,2020,400,97.5,2020-03-02 18:36:00
/Volumes/Expansion/Frog Call Project/Calling Data/FLSHE/FLSHE_2020/FLSHE_2020_400/TEST_0+1_20200302_193600.wav,TEST_0+1_20200302_193600.wav,0.0,,45.08235372958464,2020,400,162.0,2020-03-02 19:36:00
/Volumes/Expansion/Frog Call Project/Calling Data/FLSHE/FLSHE_2020/FLSHE_2020_400/TEST_0+1_20200302_203600.wav,TEST_0+1_20200302_203600.wav,0.0,,35.48897420622945,2020,400,235.0,2020-03-02 20:36:00
/Volumes/Expansion/Frog Call Project/Calling Data/FLSHE/FLSHE_2020/FLSHE_2020_400/TEST_0+1_20200302_213600.wav,TEST_0+1_20200302_213600.wav,0.0,,33.11992155800419,2020,400,63.5,2020-03-02 21:36:00
/Volumes/Expansion/Frog Call Project/Calling Data/FLSHE/FLSHE_2020/FLSHE_2020_400/TEST_0+1_20200302_223600.wav,TEST_0+1_20200302_223600.wav,0.0,,36.97714541853475,2020,400,48.0,2020-03-02 22:36:00
/Volumes/Expansion/Frog Call Project/Calling Data/FLSHE/FLSHE_2020/FLSHE_2020_400/TEST_0+1_20200302_233600.wav,TEST_0+1_20200302_233600.wav,0.0,,40.70588081357611,2020,400,256.0,2020-03-02 23:36:00
/Volumes/Expansion/Frog Call Project/Calling Data/FLSHE/FLSHE_2020/FLSHE_2020_400/TEST_0+1_20200303_003600.wav,TEST_0+1_20200303_003600.wav,0.0,,36.86073825835017,2020,400,16.0,2020-03-03 00:36:00
/Volumes/Expansion/Frog Call Project/Calling Data/FLSHE/FLSHE_2020/FLSHE_2020_400/TEST_0+1_20200303_013600.wav,TEST_0+1_20200303_013600.wav,0.0,,33.08594353160758,2020,400,106.0,2020-03-03 01:36:00
/Volumes/Expansion/Frog Call Project/Calling Data/FLSHE/FLSHE_2020/FLSHE_2020_400/TEST_0+1_20200303_023600.wav,TEST_0+1_20200303_023600.wav,0.0,,34.81741422450645,2020,400,243.5,2020-03-03 02:36:00
/Volumes/Expansion/Frog Call Project/Calling Data/FLSHE/FLSHE_2020/FLSHE_2020_400/TEST_0+1_20200303_183600.wav,TEST_0+1_20200303_183600.wav,0.0,,33.38016961691403,2020,400,115.0,2020-03-03 18:36:00
/Volumes/Expansion/Frog Call Project/Calling Data/FLSHE/FLSHE_2021/FLSHE_2021_400/TEST_0+1_20210303_193600.wav,TEST_0+1_20210303_193600.wav,1.0,0:00,268.38925148003216,2021,400,159.5,2021-03-03 19:36:00
/Volumes/Expansion/Frog Call Project/Calling Data/FLSHE/FLSHE_2021/FLSHE_2021_400/TEST_0+1_20210303_203600.wav,TEST_0+1_20210303_203600.wav,1.0,0:00,151.11871320600997,2021,400,134.0,2021-03-03 20:36:00
/Volumes/Expansion/Frog Call Project/Calling Data/FLSHE/FLSHE_2021/FLSHE_2021_400/TEST_0+1_20210303_213600.wav,TEST_0+1_20210303_213600.wav,1.0,0:34,387.9426855389689,2021,400,124.5,2021-03-03 21:36:00
/Volumes/Expansion/Frog Call Project/Calling Data/FLSHE/FLSHE_2021/FLSHE_2021_400/TEST_0+1_20210303_223600.wav,TEST_0+1_20210303_223600.wav,1.0,0:00,419.9992594506394,2021,400,41.0,2021-03-03 22:36:00
/Volumes/Expansion/Frog Call Project/Calling Data/FLSHE/FLSHE_2021/FLSHE_2021_400/TEST_0+1_20210303_233600.wav,TEST_0+1_20210303_233600.wav,1.0,0:00,376.0696042754555,2021,400,48.0,2021-03-03 23:36:00
/Volumes/Expansion/Frog Call Project/Calling Data/FLSHE/FLSHE_2021/FLSHE_2021_400/TEST_0+1_20210304_003600.wav,TEST_0+1_20210304_003600.wav,1.0,0:00,308.50184064008874,2021,400,159.5,2021-03-04 00:36:00
/Volumes/Expansion/Frog Call Project/Calling Data/FLSHE/FLSHE_2021/FLSHE_2021_400/TEST_0+1_20210304_013600.wav,TEST_0+1_20210304_013600.wav,0.0,,35.83513758031942,2021,400,115.5,2021-03-04 01:36:00
/Volumes/Expansion/Frog Call Project/Calling Data/FLSHE/FLSHE_2021/FLSHE_2021_400/TEST_0+1_20210304_023600.wav,TEST_0+1_20210304_023600.wav,0.0,,32.38516052171928,2021,400,40.5,2021-03-04 02:36:00
/Volumes/Expansion/Frog Call Project/Calling Data/FLSHE/FLSHE_2021/FLSHE_2021_400/TEST_0+1_20210304_173700.wav,TEST_0+1_20210304_173700.wav,0.0,,73.59827997418884,2021,400,292.5,2021-03-04 17:37:00
/Volumes/Expansion/Frog Call Project/Calling Data/FLSHE/FLSHE_2021/FLSHE_2021_400/TEST_0+1_20210304_183700.wav,TEST_0+1_20210304_183700.wav,0.0,,109.05907893159812,2021,400,293.0,2021-03-04 18:37:00
/Volumes/Expansion/Frog Call Project/Calling Data/FLSHE/FLSHE_2021/FLSHE_2021_400/TEST_0+1_20210304_193700.wav,TEST_0+1_20210304_193700.wav,1.0,0:00,293.6528202125363,2021,400,231.5,2021-03-04 19:37:00
/Volumes/Expansion/Frog Call Project/Calling Data/FLSHE/FLSHE_2021/FLSHE_2021_400/TEST_0+1_20210304_203700.wav,TEST_0+1_20210304_203700.wav,1.0,0:00,191.6793150196329,2021,400,9.0,2021-03-04 20:37:00
/Volumes/Expansion/Frog Call Project/Calling Data/FLSHE/FLSHE_2021/FLSHE_2021_400/TEST_0+1_20210304_213700.wav,TEST_0+1_20210304_213700.wav,1.0,0:00,142.4787571721377,2021,400,42.0,2021-03-04 21:37:00
/Volumes/Expansion/Frog Call Project/Calling Data/FLSHE/FLSHE_2021/FLSHE_2021_400/TEST_0+1_20210304_223700.wav,TEST_0+1_20210304_223700.wav,1.0,0:00,174.10664743445997,2021,400,243.0,2021-03-04 22:37:00
/Volumes/Expansion/Frog Call Project/Calling Data/FLSHE/FLSHE_2021/FLSHE_2021_400/TEST_0+1_20210304_233700.wav,TEST_0+1_20210304_233700.wav,1.0,0:00,177.08387416933203,2021,400,153.5,2021-03-04 23:37:00
/Volumes/Expansion/Frog Call Project/Calling Data/FLSHE/FLSHE_2021/FLSHE_2021_400/TEST_0+1_20210305_003700.wav,TEST_0+1_20210305_003700.wav,1.0,0:00,274.59242119275405,2021,400,245.5,2021-03-05 00:37:00
/Volumes/Expansion/Frog Call Project/Calling Data/FLSHE/FLSHE_2021/FLSHE_2021_400/TEST_0+1_20210305_013700.wav,TEST_0+1_20210305_013700.wav,1.0,1:15,132.1240110641446,2021,400,210.5,2021-03-05 01:37:00
/Volumes/Expansion/Frog Call Project/Calling Data/FLSHE/FLSHE_2021/FLSHE_2021_400/TEST_0+1_20210305_023700.wav,TEST_0+1_20210305_023700.wav,0.0,,31.9596214957054,2021,400,198.0,2021-03-05 02:37:00
/Volumes/Expansion/Frog Call Project/Calling Data/FLSHE/FLSHE_2021/FLSHE_2021_400/TEST_0+1_20210305_173800.wav,TEST_0+1_20210305_173800.wav,0.0,,35.01614538993743,2021,400,163.0,2021-03-05 17:38:00
/Volumes/Expansion/Frog Call Project/Calling Data/FLSHE/FLSHE_2021/FLSHE_2021_400/TEST_0+1_20210305_183800.wav,TEST_0+1_20210305_183800.wav,0.0,,46.3198789469179,2021,400,266.0,2021-03-05 18:38:00
/Volumes/Expansion/Frog Call Project/Calling Data/FLSHE/FLSHE_2021/FLSHE_2021_400/TEST_0+1_20210305_193800.wav,TEST_0+1_20210305_193800.wav,1.0,0:00,277.16844339429286,2021,400,287.5,2021-03-05 19:38:00
/Volumes/Expansion/Frog Call Project/Calling Data/FLSHE/FLSHE_2021/FLSHE_2021_400/TEST_0+1_20210305_203800.wav,TEST_0+1_20210305_203800.wav,1.0,0:00,311.091603559275,2021,400,149.0,2021-03-05 20:38:00
/Volumes/Expansion/Frog Call Project/Calling Data/FLSHE/FLSHE_2021/FLSHE_2021_400/TEST_0+1_20210305_213800.wav,TEST_0+1_20210305_213800.wav,1.0,0:00,231.74771926129463,2021,400,131.0,2021-03-05 21:38:00
/Volumes/Expansion/Frog Call Project/Calling Data/FLSHE/FLSHE_2021/FLSHE_2021_400/TEST_0+1_20210305_223800.wav,TEST_0+1_20210305_223800.wav,1.0,0:00,351.07955628952493,2021,400,224.5,2021-03-05 22:38:00
/Volumes/Expansion/Frog Call Project/Calling Data/FLSHE/FLSHE_2021/FLSHE_2021_400/TEST_0+1_20210305_233800.wav,TEST_0+1_20210305_233800.wav,1.0,0:02,317.13700838925365,2021,400,152.0,2021-03-05 23:38:00
/Volumes/Expansion/Frog Call Project/Calling Data/FLSHE/FLSHE_2021/FLSHE_2021_400/TEST_0+1_20210306_003800.wav,TEST_0+1_20210306_003800.wav,1.0,0:00,283.60280323423865,2021,400,132.0,2021-03-06 00:38:00
/Volumes/Expansion/Frog Call Project/Calling Data/FLSHE/FLSHE_2021/FLSHE_2021_400/TEST_0+1_20210306_013800.wav,TEST_0+1_20210306_013800.wav,1.0,0:28,96.91124521059795,2021,400,29.0,2021-03-06 01:38:00
/Volumes/Expansion/Frog Call Project/Calling Data/FLSHE/FLSHE_2021/FLSHE_2021_400/TEST_0+1_20210306_023800.wav,TEST_0+1_20210306_023800.wav,1.0,0:29,359.5799388811428,2021,400,198.0,2021-03-06 02:38:00
/Volumes/Expansion/Frog Call Project/Calling Data/FLSHE/FLSHE_2021/FLSHE_2021_400/TEST_0+1_20210306_173900.wav,TEST_0+1_20210306_173900.wav,0.0,,37.05812062315737,2021,400,29.5,2021-03-06 17:39:00
/Volumes/Expansion/Frog Call Project/Calling Data/FLSHE/FLSHE_2021/FLSHE_2021_400/TEST_0+1_20210306_183900.wav,TEST_0+1_20210306_183900.wav,0.0,,44.550169915443725,2021,400,79.0,2021-03-06 18:39:00
/Volumes/Expansion/Frog Call Project/Calling Data/FLSHE/FLSHE_2021/FLSHE_2021_400/TEST_0+1_20210306_193900.wav,TEST_0+1_20210306_193900.wav,1.0,0:00,282.98883870331906,2021,400,238.5,2021-03-06 19:39:00
/Volumes/Expansion/Frog Call Project/Calling Data/FLSHE/FLSHE_2021/FLSHE_2021_400/TEST_0+1_20210306_203900.wav,TEST_0+1_20210306_203900.wav,1.0,0:09,182.5284108637601,2021,400,212.5,2021-03-06 20:39:00
/Volumes/Expansion/Frog Call Project/Calling Data/FLSHE/FLSHE_2021/FLSHE_2021_400/TEST_0+1_20210306_213900.wav,TEST_0+1_20210306_213900.wav,1.0,0:00,378.0740396647074,2021,400,79.5,2021-03-06 21:39:00
/Volumes/Expansion/Frog Call Project/Calling Data/FLSHE/FLSHE_2021/FLSHE_2021_400/TEST_0+1_20210306_223900.wav,TEST_0+1_20210306_223900.wav,1.0,0:29,31.28980310501276,2021,400,134.0,2021-03-06 22:39:00
/Volumes/Expansion/Frog Call Project/Calling Data/FLSHE/FLSHE_2021/FLSHE_2021_400/TEST_0+1_20210306_233900.wav,TEST_0+1_20210306_233900.wav,1.0,0:00,296.6683864196209,2021,400,50.5,2021-03-06 23:39:00
/Volumes/Expansion/Frog Call Project/Calling Data/FLSHE/FLSHE_2021/FLSHE_2021_400/TEST_0+1_20210307_003900.wav,TEST_0+1_20210307_003900.wav,1.0,0:00,222.66437405184163,2021,400,0.0,2021-03-07 00:39:00
/Volumes/Expansion/Frog Call Project/Calling Data/FLSHE/FLSHE_2021/FLSHE_2021_400/TEST_0+1_20210307_013900.wav,TEST_0+1_20210307_013900.wav,0.0,,30.846551434876424,2021,400,168.0,2021-03-07 01:39:00
/Volumes/Expansion/Frog Call Project/Calling Data/FLSHE/FLSHE_2021/FLSHE_2021_400/TEST_0+1_20210307_023900.wav,TEST_0+1_20210307_023900.wav,0.0,,45.39045906036485,2021,400,215.0,2021-03-07 02:39:00
/Volumes/Expansion/Frog Call Project/Calling Data/FLSHE/FLSHE_2021/FLSHE_2021_400/TEST_0+1_20210307_173900.wav,TEST_0+1_20210307_173900.wav,0.0,,46.34936411607121,2021,400,86.5,2021-03-07 17:39:00
/Volumes/Expansion/Frog Call Project/Calling Data/FLSHE/FLSHE_2021/FLSHE_2021_400/TEST_0+1_20210307_183900.wav,TEST_0+1_20210307_183900.wav,0.0,,46.70643511818239,2021,400,87.0,2021-03-07 18:39:00
/Volumes/Expansion/Frog Call Project/Calling Data/FLSHE/FLSHE_2021/FLSHE_2021_400/TEST_0+1_20210307_193900.wav,TEST_0+1_20210307_193900.wav,1.0,0:00,304.4523754395463,2021,400,298.5,2021-03-07 19:39:00
/Volumes/Expansion/Frog Call Project/Calling Data/FLSHE/FLSHE_2021/FLSHE_2021_400/TEST_0+1_20210307_203900.wav,TEST_0+1_20210307_203900.wav,1.0,0:00,310.10601391250896,2021,400,33.5,2021-03-07 20:39:00
/Volumes/Expansion/Frog Call Project/Calling Data/FLSHE/FLSHE_2021/FLSHE_2021_400/TEST_0+1_20210307_213900.wav,TEST_0+1_20210307_213900.wav,1.0,0:00,297.5600372648473,2021,400,71.5,2021-03-07 21:39:00
/Volumes/Expansion/Frog Call Project/Calling Data/FLSHE/FLSHE_2021/FLSHE_2021_400/TEST_0+1_20210307_223900.wav,TEST_0+1_20210307_223900.wav,1.0,0:15,34.57938374669536,2021,400,171.0,2021-03-07 22:39:00
/Volumes/Expansion/Frog Call Project/Calling Data/FLSHE/FLSHE_2021/FLSHE_2021_400/TEST_0+1_20210307_233900.wav,TEST_0+1_20210307_233900.wav,1.0,2:47,40.22478895283748,2021,400,256.5,2021-03-07 23:39:00
/Volumes/Expansion/Frog Call Project/Calling Data/FLSHE/FLSHE_2021/FLSHE_2021_400/TEST_0+1_20210308_003900.wav,TEST_0+1_20210308_003900.wav,1.0,0:11,31.535113101527173,2021,400,151.0,2021-03-08 00:39:00
/Volumes/Expansion/Frog Call Project/Calling Data/FLSHE/FLSHE_2021/FLSHE_2021_400/TEST_0+1_20210308_013900.wav,TEST_0+1_20210308_013900.wav,0.0,,32.682974341870846,2021,400,19.0,2021-03-08 01:39:00
/Volumes/Expansion/Frog Call Project/Calling Data/FLSHE/FLSHE_2021/FLSHE_2021_400/TEST_0+1_20210308_023900.wav,TEST_0+1_20210308_023900.wav,0.0,,48.74371974150201,2021,400,69.5,2021-03-08 02:39:00
/Volumes/Expansion/Frog Call Project/Calling Data/FLSHE/FLSHE_2021/FLSHE_2021_400/TEST_0+1_20210308_174000.wav,TEST_0+1_20210308_174000.wav,0.0,,33.00796705349819,2021,400,57.0,2021-03-08 17:40:00
/Volumes/Expansion/Frog Call Project/Calling Data/FLSHE/FLSHE_2021/FLSHE_2021_400/TEST_0+1_20210308_184000.wav,TEST_0+1_20210308_184000.wav,0.0,,79.6497955486931,2021,400,220.0,2021-03-08 18:40:00
/Volumes/Expansion/Frog Call Project/Calling Data/FLSHE/FLSHE_2021/FLSHE_2021_400/TEST_0+1_20210308_194000.wav,TEST_0+1_20210308_194000.wav,1.0,0:32,133.88717869099557,2021,400,270.5,2021-03-08 19:40:00
/Volumes/Expansion/Frog Call Project/Calling Data/FLSHE/FLSHE_2021/FLSHE_2021_400/TEST_0+1_20210308_204000.wav,TEST_0+1_20210308_204000.wav,1.0,2:43,119.04458481691373,2021,400,222.5,2021-03-08 20:40:00
/Volumes/Expansion/Frog Call Project/Calling Data/FLSHE/FLSHE_2021/FLSHE_2021_400/TEST_0+1_20210308_214000.wav,TEST_0+1_20210308_214000.wav,1.0,0:07,65.59147721643345,2021,400,76.0,2021-03-08 21:40:00
/Volumes/Expansion/Frog Call Project/Calling Data/FLSHE/FLSHE_2021/FLSHE_2021_400/TEST_0+1_20210308_224000.wav,TEST_0+1_20210308_224000.wav,1.0,0:20,47.83032843843275,2021,400,136.0,2021-03-08 22:40:00
/Volumes/Expansion/Frog Call Project/Calling Data/FLSHE/FLSHE_2021/FLSHE_2021_400/TEST_0+1_20210308_234000.wav,TEST_0+1_20210308_234000.wav,0.0,,37.6554925260801,2021,400,122.5,2021-03-08 23:40:00
/Volumes/Expansion/Frog Call Project/Calling Data/FLSHE/FLSHE_2021/FLSHE_2021_400/TEST_0+1_20210309_004000.wav,TEST_0+1_20210309_004000.wav,0.0,,42.54728383673312,2021,400,211.5,2021-03-09 00:40:00
/Volumes/Expansion/Frog Call Project/Calling Data/FLSHE/FLSHE_2021/FLSHE_2021_400/TEST_0+1_20210309_014000.wav,TEST_0+1_20210309_014000.wav,0.0,,38.63310793588387,2021,400,106.0,2021-03-09 01:40:00
/Volumes/Expansion/Frog Call Project/Calling Data/FLSHE/FLSHE_2021/FLSHE_2021_400/TEST_0+1_20210309_024000.wav,TEST_0+1_20210309_024000.wav,0.0,,47.4715512772415,2021,400,69.0,2021-03-09 02:40:00
/Volumes/Expansion/Frog Call Project/Calling Data/FLSHE/FLSHE_2021/FLSHE_2021_400/TEST_0+1_20210309_174100.wav,TEST_0+1_20210309_174100.wav,0.0,,34.30721426126338,2021,400,107.5,2021-03-09 17:41:00
/Volumes/Expansion/Frog Call Project/Calling Data/FLSHE/FLSHE_2021/FLSHE_2021_400/TEST_0+1_20210309_184100.wav,TEST_0+1_20210309_184100.wav,0.0,,37.99758357396848,2021,400,110.0,2021-03-09 18:41:00
/Volumes/Expansion/Frog Call Project/Calling Data/FLSHE/FLSHE_2021/FLSHE_2021_400/TEST_0+1_20210309_194100.wav,TEST_0+1_20210309_194100.wav,0.0,,42.08819753509139,2021,400,15.5,2021-03-09 19:41:00
/Volumes/Expansion/Frog Call Project/Calling Data/FLSHE/FLSHE_2021/FLSHE_2021_400/TEST_0+1_20210309_204100.wav,TEST_0+1_20210309_204100.wav,1.0,0:30,237.40027745929885,2021,400,285.0,2021-03-09 20:41:00
/Volumes/Expansion/Frog Call Project/Calling Data/FLSHE/FLSHE_2021/FLSHE_2021_400/TEST_0+1_20210309_214100.wav,TEST_0+1_20210309_214100.wav,1.0,2:23,51.09247828358602,2021,400,138.5,2021-03-09 21:41:00
/Volumes/Expansion/Frog Call Project/Calling Data/FLSHE/FLSHE_2021/FLSHE_2021_400/TEST_0+1_20210309_224100.wav,TEST_0+1_20210309_224100.wav,0.0,,42.94042091878186,2021,400,242.0,2021-03-09 22:41:00
/Volumes/Expansion/Frog Call Project/Calling Data/FLSHE/FLSHE_2021/FLSHE_2021_400/TEST_0+1_20210309_234100.wav,TEST_0+1_20210309_234100.wav,1.0,1:14,57.68655236275618,2021,400,73.5,2021-03-09 23:41:00
/Volumes/Expansion/Frog Call Project/Calling Data/FLSHE/FLSHE_2021/FLSHE_2021_400/TEST_0+1_20210310_004100.wav,TEST_0+1_20210310_004100.wav,0.0,,50.63837465732013,2021,400,166.5,2021-03-10 00:41:00
/Volumes/Expansion/Frog Call Project/Calling Data/FLSHE/FLSHE_2021/FLSHE_2021_400/TEST_0+1_20210310_014100.wav,TEST_0+1_20210310_014100.wav,0.0,,32.90193207090502,2021,400,114.0,2021-03-10 01:41:00
/Volumes/Expansion/Frog Call Project/Calling Data/FLSHE/FLSHE_2021/FLSHE_2021_400/TEST_0+1_20210310_024100.wav,TEST_0+1_20210310_024100.wav,0.0,,38.36254583361224,2021,400,256.0,2021-03-10 02:41:00
/Volumes/Expansion/Frog Call Project/Calling Data/FLSHE/FLSHE_2021/FLSHE_2021_400/TEST_0+1_20210310_174200.wav,TEST_0+1_20210310_174200.wav,1.0,0:35,37.28189666055711,2021,400,32.5,2021-03-10 17:42:00
/Volumes/Expansion/Frog Call Project/Calling Data/FLSHE/FLSHE_2021/FLSHE_2021_400/TEST_0+1_20210310_184200.wav,TEST_0+1_20210310_184200.wav,0.0,,30.33047553741181,2021,400,259.0,2021-03-10 18:42:00
/Volumes/Expansion/Frog Call Project/Calling Data/FLSHE/FLSHE_2021/FLSHE_2021_400/TEST_0+1_20210310_194200.wav,TEST_0+1_20210310_194200.wav,1.0,3:16,228.96047953631904,2021,400,238.0,2021-03-10 19:42:00
/Volumes/Expansion/Frog Call Project/Calling Data/FLSHE/FLSHE_2021/FLSHE_2021_400/TEST_0+1_20210310_204200.wav,TEST_0+1_20210310_204200.wav,1.0,0:20,259.6515893455555,2021,400,112.0,2021-03-10 20:42:00
/Volumes/Expansion/Frog Call Project/Calling Data/FLSHE/FLSHE_2021/FLSHE_2021_400/TEST_0+1_20210310_214200.wav,TEST_0+1_20210310_214200.wav,0.0,,33.92456104901627,2021,400,120.5,2021-03-10 21:42:00
/Volumes/Expansion/Frog Call Project/Calling Data/FLSHE/FLSHE_2021/FLSHE_2021_400/TEST_0+1_20210310_224200.wav,TEST_0+1_20210310_224200.wav,0.0,,40.57990713450726,2021,400,102.0,2021-03-10 22:42:00
/Volumes/Expansion/Frog Call Project/Calling Data/FLSHE/FLSHE_2021/FLSHE_2021_400/TEST_0+1_20210310_234200.wav,TEST_0+1_20210310_234200.wav,0.0,,44.76970718279319,2021,400,228.0,2021-03-10 23:42:00
/Volumes/Expansion/Frog Call Project/Calling Data/FLSHE/FLSHE_2022/FLSHE_2022_400/TEST_0+1_20220301_003400.wav,TEST_0+1_20220301_003400.wav,0.0,,41.57263756654783,2022,400,104.5,2022-03-01 00:34:00
/Volumes/Expansion/Frog Call Project/Calling Data/FLSHE/FLSHE_2022/FLSHE_2022_400/TEST_0+1_20220301_013400.wav,TEST_0+1_20220301_013400.wav,0.0,,51.224280878807406,2022,400,171.5,2022-03-01 01:34:00
/Volumes/Expansion/Frog Call Project/Calling Data/FLSHE/FLSHE_2022/FLSHE_2022_400/TEST_0+1_20220301_023400.wav,TEST_0+1_20220301_023400.wav,0.0,,39.778709598345614,2022,400,40.5,2022-03-01 02:34:00
/Volumes/Expansion/Frog Call Project/Calling Data/FLSHE/FLSHE_2022/FLSHE_2022_400/TEST_0+1_20220301_183400.wav,TEST_0+1_20220301_183400.wav,0.0,,41.467142711109474,2022,400,47.5,2022-03-01 18:34:00
/Volumes/Expansion/Frog Call Project/Calling Data/FLSHE/FLSHE_2022/FLSHE_2022_400/TEST_0+1_20220301_193400.wav,TEST_0+1_20220301_193400.wav,1.0,0:02,239.356281333083,2022,400,106.5,2022-03-01 19:34:00
/Volumes/Expansion/Frog Call Project/Calling Data/FLSHE/FLSHE_2022/FLSHE_2022_400/TEST_0+1_20220301_203400.wav,TEST_0+1_20220301_203400.wav,0.0,,40.4474079373579,2022,400,120.5,2022-03-01 20:34:00
/Volumes/Expansion/Frog Call Project/Calling Data/FLSHE/FLSHE_2022/FLSHE_2022_400/TEST_0+1_20220301_213400.wav,TEST_0+1_20220301_213400.wav,0.0,,75.64919398748023,2022,400,38.5,2022-03-01 21:34:00
/Volumes/Expansion/Frog Call Project/Calling Data/FLSHE/FLSHE_2022/FLSHE_2022_400/TEST_0+1_20220301_223400.wav,TEST_0+1_20220301_223400.wav,0.0,,33.425142126235414,2022,400,180.0,2022-03-01 22:34:00
/Volumes/Expansion/Frog Call Project/Calling Data/FLSHE/FLSHE_2022/FLSHE_2022_400/TEST_0+1_20220301_233400.wav,TEST_0+1_20220301_233400.wav,0.0,,36.18654770373193,2022,400,75.5,2022-03-01 23:34:00
/Volumes/Expansion/Frog Call Project/Calling Data/FLSHE/FLSHE_2022/FLSHE_2022_400/TEST_0+1_20220302_003400.wav,TEST_0+1_20220302_003400.wav,0.0,,35.58660891821688,2022,400,165.5,2022-03-02 00:34:00
/Volumes/Expansion/Frog Call Project/Calling Data/FLSHE/FLSHE_2022/FLSHE_2022_400/TEST_0+1_20220302_003400.wav,TEST_0+1_20220302_003400.wav,0.0,,35.58660891821688,2022,400,165.5,2022-03-02 00:34:00
/Volumes/Expansion/Frog Call Project/Calling Data/FLSHE/FLSHE_2022/FLSHE_2022_400/TEST_0+1_20220302_183500.wav,TEST_0+1_20220302_183500.wav,0.0,,34.10407097493582,2022,400,232.0,2022-03-02 18:35:00
/Volumes/Expansion/Frog Call Project/Calling Data/FLSHE/FLSHE_2022/FLSHE_2022_400/TEST_0+1_20220302_193500.wav,TEST_0+1_20220302_193500.wav,0.0,,37.6941634585487,2022,400,31.0,2022-03-02 19:35:00
/Volumes/Expansion/Frog Call Project/Calling Data/FLSHE/FLSHE_2022/FLSHE_2022_400/TEST_0+1_20220302_203500.wav,TEST_0+1_20220302_203500.wav,0.0,,32.872831922502954,2022,400,102.0,2022-03-02 20:35:00
/Volumes/Expansion/Frog Call Project/Calling Data/FLSHE/FLSHE_2022/FLSHE_2022_400/TEST_0+1_20220302_213500.wav,TEST_0+1_20220302_213500.wav,0.0,,34.321771103864194,2022,400,28.0,2022-03-02 21:35:00
/Volumes/Expansion/Frog Call Project/Calling Data/FLSHE/FLSHE_2022/FLSHE_2022_400/TEST_0+1_20220302_223500.wav,TEST_0+1_20220302_223500.wav,0.0,,33.841867647676686,2022,400,144.0,2022-03-02 22:35:00
/Volumes/Expansion/Frog Call Project/Calling Data/FLSHE/FLSHE_2022/FLSHE_2022_400/TEST_0+1_20220302_233500.wav,TEST_0+1_20220302_233500.wav,0.0,,33.913297524898084,2022,400,1.0,2022-03-02 23:35:00
/Volumes/Expansion/Frog Call Project/Calling Data/FLSHE/FLSHE_2022/FLSHE_2022_400/TEST_0+1_20220303_003500.wav,TEST_0+1_20220303_003500.wav,0.0,,35.27431732069506,2022,400,151.5,2022-03-03 00:35:00
/Volumes/Expansion/Frog Call Project/Calling Data/FLSHE/FLSHE_2022/FLSHE_2022_400/TEST_0+1_20220303_013500.wav,TEST_0+1_20220303_013500.wav,0.0,,33.65702574095971,2022,400,6.5,2022-03-03 01:35:00
/Volumes/Expansion/Frog Call Project/Calling Data/FLSHE/FLSHE_2022/FLSHE_2022_400/TEST_0+1_20220303_023500.wav,TEST_0+1_20220303_023500.wav,0.0,,57.13069535581837,2022,400,170.5,2022-03-03 02:35:00
/Volumes/Expansion/Frog Call Project/Calling Data/FLSHE/FLSHE_2022/FLSHE_2022_400/TEST_0+1_20220303_183600.wav,TEST_0+1_20220303_183600.wav,0.0,,35.043825807205664,2022,400,73.0,2022-03-03 18:36:00
/Volumes/Expansion/Frog Call Project/Calling Data/FLSHE/FLSHE_2022/FLSHE_2022_400/TEST_0+1_20220303_193600.wav,TEST_0+1_20220303_193600.wav,0.0,,100.96988970942851,2022,400,157.0,2022-03-03 19:36:00
/Volumes/Expansion/Frog Call Project/Calling Data/FLSHE/FLSHE_2022/FLSHE_2022_400/TEST_0+1_20220303_203600.wav,TEST_0+1_20220303_203600.wav,0.0,,59.7345535953498,2022,400,169.0,2022-03-03 20:36:00
/Volumes/Expansion/Frog Call Project/Calling Data/FLSHE/FLSHE_2022/FLSHE_2022_400/TEST_0+1_20220303_213600.wav,TEST_0+1_20220303_213600.wav,0.0,,39.43948147745649,2022,400,244.5,2022-03-03 21:36:00
/Volumes/Expansion/Frog Call Project/Calling Data/FLSHE/FLSHE_2022/FLSHE_2022_400/TEST_0+1_20220303_223600.wav,TEST_0+1_20220303_223600.wav,0.0,,53.5934589208807,2022,400,285.0,2022-03-03 22:36:00
/Volumes/Expansion/Frog Call Project/Calling Data/FLSHE/FLSHE_2022/FLSHE_2022_400/TEST_0+1_20220303_233600.wav,TEST_0+1_20220303_233600.wav,0.0,,37.83167502882914,2022,400,130.0,2022-03-03 23:36:00
/Volumes/Expansion/Frog Call Project/Calling Data/FLSHE/FLSHE_2022/FLSHE_2022_400/TEST_0+1_20220304_003600.wav,TEST_0+1_20220304_003600.wav,0.0,,33.505186344424345,2022,400,68.5,2022-03-04 00:36:00
